{"cameraMode":{"drawMode":0,"name":"Shaded","section":"Shading Mode"},"sceneLighting":false,"audioPlay":false,"sceneViewState":{"m_AlwaysRefresh":false,"showFog":true,"showSkybox":false,"showFlares":true,"showImageEffects":true,"showParticleSystems":true,"showVisualEffectGraphs":true,"m_FxEnabled":true},"in2DMode":false,"pivot":{"x":22.630107879638673,"y":0.27161434292793276,"z":3.587207794189453},"rotation":{"x":0.035371288657188418,"y":0.7828329801559448,"z":-0.04465995728969574,"w":0.6196895241737366},"size":8.66025447845459,"orthographic":false}